{"count":1,"self":13509.253529599999,"total":73270.981786,"children":{"InitializeActuators":{"count":1,"self":0.000745,"total":0.000745,"children":null},"InitializeSensors":{"count":1,"self":0.000511,"total":0.000511,"children":null},"AgentSendState":{"count":24932359,"self":127.4599808,"total":1192.4951449999999,"children":{"CollectObservations":{"count":24932359,"self":352.0485376,"total":352.048543,"children":null},"WriteActionMask":{"count":24932359,"self":25.347121599999998,"total":25.347122,"children":null},"RequestDecision":{"count":24932359,"self":98.260633599999991,"total":687.639495,"children":{"AgentInfo.ToProto":{"count":24932359,"self":92.086239999999989,"total":589.378862,"children":{"GenerateSensorData":{"count":24932359,"self":497.29264639999997,"total":497.292625,"children":null}}}}}}},"DecideAction":{"count":24932359,"self":50211.2649216,"total":50211.264183,"children":null},"AgentAct":{"count":24932359,"self":8340.4587008,"total":8357.967396,"children":{"AgentInfo.ToProto":{"count":701048,"self":3.0776049999999997,"total":17.508768,"children":{"GenerateSensorData":{"count":701048,"self":14.431163199999999,"total":14.431163,"children":null}}}}}},"gauges":{"GoalToTetris.CumulativeReward":{"count":701048,"max":13895.2,"min":-1129,"runningAverage":1044.84253,"value":950.7999,"weightedAverage":1110.96436}},"metadata":{"timer_format_version":"0.1.0","start_time_seconds":"1771537080","unity_version":"6000.1.9f1","command_line_arguments":"\/Applications\/Unity\/Hub\/Editor\/6000.1.9f1\/Unity.app\/Contents\/MacOS\/Unity -projectpath \/Users\/kalman\/git_projects\/TetrisAI -acceptSoftwareTermsForThisRunOnly -useHub -hubIPC -cloudEnvironment production -licensingIpc LicenseClient-kalman -hubSessionId dc127712-4062-4969-8f96-3964e559bb25 -accessToken OudprZxIWO0cXuuxg455L-X_XYTxA_qTwQBjncjdaiI007f","communication_protocol_version":"1.5.0","com.unity.ml-agents_version":"2.0.2","scene_name":"GameScene","end_time_seconds":"1771610351"}}