{
    "name": "root",
    "metadata": {
        "timer_format_version": "0.1.0",
        "start_time_seconds": "1772313149",
        "python_version": "3.9.6 (default, Apr 30 2025, 02:07:17) \n[Clang 17.0.0 (clang-1700.0.13.5)]",
        "command_line_arguments": "/Users/kalman/git_projects/TetrisAI/venv/bin/mlagents-learn training_config.yaml --run-id=run004 --resume",
        "mlagents_version": "0.30.0",
        "mlagents_envs_version": "0.30.0",
        "communication_protocol_version": "1.5.0",
        "pytorch_version": "1.11.0",
        "numpy_version": "1.23.5",
        "end_time_seconds": "1772313170"
    },
    "total": 20.738927708000002,
    "count": 1,
    "self": 0.003455998999999821,
    "children": {
        "run_training.setup": {
            "total": 0.037210167000000016,
            "count": 1,
            "self": 0.037210167000000016
        },
        "TrainerController.start_learning": {
            "total": 20.698261542,
            "count": 1,
            "self": 0.012840220000025937,
            "children": {
                "TrainerController._reset_env": {
                    "total": 9.366046417,
                    "count": 1,
                    "self": 9.366046417
                },
                "TrainerController.advance": {
                    "total": 11.227312988999978,
                    "count": 2301,
                    "self": 0.012438359000048749,
                    "children": {
                        "env_step": {
                            "total": 11.138866054999982,
                            "count": 2301,
                            "self": 10.631633128000086,
                            "children": {
                                "SubprocessEnvManager._take_step": {
                                    "total": 0.49911821199993156,
                                    "count": 2301,
                                    "self": 0.024109853999881636,
                                    "children": {
                                        "TorchPolicy.evaluate": {
                                            "total": 0.4750083580000499,
                                            "count": 2301,
                                            "self": 0.4750083580000499
                                        }
                                    }
                                },
                                "workers": {
                                    "total": 0.008114714999964079,
                                    "count": 2300,
                                    "self": 0.0,
                                    "children": {
                                        "worker_root": {
                                            "total": 8.534945971999969,
                                            "count": 2300,
                                            "is_parallel": true,
                                            "self": 2.5626929439999264,
                                            "children": {
                                                "steps_from_proto": {
                                                    "total": 0.0016615419999999048,
                                                    "count": 1,
                                                    "is_parallel": true,
                                                    "self": 0.0006864599999998333,
                                                    "children": {
                                                        "_process_rank_one_or_two_observation": {
                                                            "total": 0.0009750820000000715,
                                                            "count": 2,
                                                            "is_parallel": true,
                                                            "self": 0.0009750820000000715
                                                        }
                                                    }
                                                },
                                                "UnityEnvironment.step": {
                                                    "total": 5.970591486000043,
                                                    "count": 2300,
                                                    "is_parallel": true,
                                                    "self": 0.04049449599999555,
                                                    "children": {
                                                        "UnityEnvironment._generate_step_input": {
                                                            "total": 0.09662018200002187,
                                                            "count": 2300,
                                                            "is_parallel": true,
                                                            "self": 0.09662018200002187
                                                        },
                                                        "communicator.exchange": {
                                                            "total": 5.660259771000032,
                                                            "count": 2300,
                                                            "is_parallel": true,
                                                            "self": 5.660259771000032
                                                        },
                                                        "steps_from_proto": {
                                                            "total": 0.17321703699999347,
                                                            "count": 2300,
                                                            "is_parallel": true,
                                                            "self": 0.08847033799998272,
                                                            "children": {
                                                                "_process_rank_one_or_two_observation": {
                                                                    "total": 0.08474669900001075,
                                                                    "count": 4600,
                                                                    "is_parallel": true,
                                                                    "self": 0.08474669900001075
                                                                }
                                                            }
                                                        }
                                                    }
                                                }
                                            }
                                        }
                                    }
                                }
                            }
                        },
                        "trainer_advance": {
                            "total": 0.07600857499994795,
                            "count": 2300,
                            "self": 0.011692765999942623,
                            "children": {
                                "process_trajectory": {
                                    "total": 0.06431580900000533,
                                    "count": 2300,
                                    "self": 0.06431580900000533
                                }
                            }
                        }
                    }
                },
                "trainer_threads": {
                    "total": 2.0409999983428406e-06,
                    "count": 1,
                    "self": 2.0409999983428406e-06
                },
                "TrainerController._save_models": {
                    "total": 0.09205987500000035,
                    "count": 1,
                    "self": 0.0004792910000013251,