{
    "name": "root",
    "gauges": {
        "GoalToTetris.Policy.Entropy.mean": {
            "value": 0.46622103452682495,
            "min": 0.40840059518814087,
            "max": 0.4928453862667084,
            "count": 619
        },
        "GoalToTetris.Policy.Entropy.sum": {
            "value": 4666.40625,
            "min": 693.5410766601562,
            "max": 4921.06103515625,
            "count": 619
        },
        "GoalToTetris.Environment.EpisodeLength.mean": {
            "value": 91.67592592592592,
            "min": 82.25833333333334,
            "max": 99.12121212121212,
            "count": 619
        },
        "GoalToTetris.Environment.EpisodeLength.sum": {
            "value": 9901.0,
            "min": 1588.0,
            "max": 10062.0,
            "count": 619
        },
        "GoalToTetris.Step.mean": {
            "value": 86719950.0,
            "min": 80539914.0,
            "max": 86719950.0,
            "count": 619
        },
        "GoalToTetris.Step.sum": {
            "value": 86719950.0,
            "min": 80539914.0,
            "max": 86719950.0,
            "count": 619
        },
        "GoalToTetris.Policy.ExtrinsicValueEstimate.mean": {
            "value": 1789.1002197265625,
            "min": 1578.4017333984375,
            "max": 1863.024169921875,
            "count": 619
        },
        "GoalToTetris.Policy.ExtrinsicValueEstimate.sum": {
            "value": 193222.828125,
            "min": 32336.451171875,
            "max": 205747.890625,
            "count": 619
        },
        "GoalToTetris.Environment.CumulativeReward.mean": {
            "value": 9974.962962962964,
            "min": 8021.1,
            "max": 11430.151515151516,
            "count": 619
        },
        "GoalToTetris.Environment.CumulativeReward.sum": {
            "value": 1077296.0,
            "min": 154042.0,
            "max": 1138486.0,
            "count": 619
        },
        "GoalToTetris.Policy.ExtrinsicReward.mean": {
            "value": 9974.962962962964,
            "min": 8021.1,
            "max": 11430.151515151516,
            "count": 619
        },
        "GoalToTetris.Policy.ExtrinsicReward.sum": {
            "value": 1077296.0,
            "min": 154042.0,
            "max": 1138486.0,
            "count": 619
        },
        "GoalToTetris.IsTraining.mean": {
            "value": 1.0,
            "min": 1.0,
            "max": 1.0,
            "count": 619
        },
        "GoalToTetris.IsTraining.sum": {
            "value": 1.0,
            "min": 1.0,
            "max": 1.0,
            "count": 619
        },
        "GoalToTetris.Losses.PolicyLoss.mean": {
            "value": 0.030630399659276008,
            "min": 0.014631019051497182,
            "max": 0.05705333152242626,
            "count": 600
        },
        "GoalToTetris.Losses.PolicyLoss.sum": {
            "value": 0.030630399659276008,
            "min": 0.014631019051497182,
            "max": 0.05705333152242626,
            "count": 600
        },
        "GoalToTetris.Losses.ValueLoss.mean": {
            "value": 342445.1427083333,
            "min": 305139.88125,
            "max": 421594.67291666666,
            "count": 600
        },
        "GoalToTetris.Losses.ValueLoss.sum": {
            "value": 342445.1427083333,
            "min": 305139.88125,
            "max": 421594.67291666666,
            "count": 600
        },
        "GoalToTetris.Policy.LearningRate.mean": {
            "value": 0.00024797296314235136,
            "min": 0.00024797296314235136,
            "max": 0.0002516707961097399,
            "count": 600
        },
        "GoalToTetris.Policy.LearningRate.sum": {
            "value": 0.00024797296314235136,
            "min": 0.00024797296314235136,
            "max": 0.0002516707961097399,
            "count": 600
        },
        "GoalToTetris.Policy.Epsilon.mean": {
            "value": 0.18265764860000006,
            "min": 0.18265764860000006,
            "max": 0.18389026000000003,
            "count": 600
        },
        "GoalToTetris.Policy.Epsilon.sum": {
            "value": 0.18265764860000006,
            "min": 0.18265764860000006,
            "max": 0.18389026000000003,
            "count": 600
        },
        "GoalToTetris.Policy.Beta.mean": {
            "value": 0.004134616665140002,
            "min": 0.004134616665140002,
            "max": 0.004196123974,
            "count": 600
        },
        "GoalToTetris.Policy.Beta.sum": {
            "value": 0.004134616665140002,
            "min": 0.004134616665140002,
            "max": 0.004196123974,
            "count": 600
        }
    },
    "metadata": {
        "timer_format_version": "0.1.0",
        "start_time_seconds": "1772120791",
        "python_version": "3.9.6 (default, Apr 30 2025, 02:07:17) \n[Clang 17.0.0 (clang-1700.0.13.5)]",
        "command_line_arguments": "/Users/kalman/git_projects/TetrisAI/venv/bin/mlagents-learn training_config.yaml --run-id=run004 --resume",
        "mlagents_version": "0.30.0",
        "mlagents_envs_version": "0.30.0",
        "communication_protocol_version": "1.5.0",
        "pytorch_version": "1.11.0",
        "numpy_version": "1.23.5",
        "end_time_seconds": "1772138946"
    },
    "total": 18155.262050542,
    "count": 1,
    "self": 0.003253958002460422,
    "children": {
        "run_training.setup": {
            "total": 0.019134541999999977,
            "count": 1,
            "self": 0.019134541999999977
        },
        "TrainerController.start_learning": {
            "total": 18155.239662042,
            "count": 1,
            "self": 31.81816245063601,
            "children": {
                "TrainerController._reset_env": {
                    "total": 5.122346,
                    "count": 1,
                    "self": 5.122346
                },
                "TrainerController.advance": {
                    "total": 18118.233801549362,
                    "count": 6181753,
                    "self": 32.8605210304886,
                    "children": {
                        "env_step": {
                            "total": 17431.04443054884,
                            "count": 6181753,
                            "self": 16134.070267624043,
                            "children": {
                                "SubprocessEnvManager._take_step": {
                                    "total": 1275.6111832241536,
                                    "count": 6181753,
                                    "self": 62.015693952904485,
                                    "children": {
                                        "TorchPolicy.evaluate": {
                                            "total": 1213.595489271249,
                                            "count": 6181753,
                                            "self": 1213.595489271249
                                        }
                                    }
                                },
                                "workers": {
                                    "total": 21.362979700643926,
                                    "count": 6181752,
                                    "self": 0.0,
                                    "children": {
                                        "worker_root": {
                                            "total": 18104.421960491858,
                                            "count": 6181752,
                                            "is_parallel": true,
                                            "self": 3289.5668525697383,
                                            "children": {
                                                "steps_from_proto": {
                                                    "total": 0.0004407909999999404,
                                                    "count": 1,
                                                    "is_parallel": true,