{
    "name": "root",
    "gauges": {
        "GoalToTetris.Policy.Entropy.mean": {
            "value": 0.8275794982910156,
            "min": 0.8275794982910156,
            "max": 4.158862590789795,
            "count": 201
        },
        "GoalToTetris.Policy.Entropy.sum": {
            "value": 8264.208984375,
            "min": 8264.208984375,
            "max": 41651.0078125,
            "count": 201
        },
        "GoalToTetris.Environment.EpisodeLength.mean": {
            "value": 37.11450381679389,
            "min": 17.684701492537314,
            "max": 37.310344827586206,
            "count": 201
        },
        "GoalToTetris.Environment.EpisodeLength.sum": {
            "value": 9724.0,
            "min": 9469.0,
            "max": 9773.0,
            "count": 201
        },
        "GoalToTetris.Step.mean": {
            "value": 2009981.0,
            "min": 9991.0,
            "max": 2009981.0,
            "count": 201
        },
        "GoalToTetris.Step.sum": {
            "value": 2009981.0,
            "min": 9991.0,
            "max": 2009981.0,
            "count": 201
        },
        "GoalToTetris.Policy.ExtrinsicValueEstimate.mean": {
            "value": -232.79879760742188,
            "min": -768.3006591796875,
            "max": -0.0496530719101429,
            "count": 201
        },
        "GoalToTetris.Policy.ExtrinsicValueEstimate.sum": {
            "value": -60993.28515625,
            "min": -380459.8125,
            "max": -26.564393997192383,
            "count": 201
        },
        "GoalToTetris.Environment.CumulativeReward.mean": {
            "value": -405.69083969465646,
            "min": -1563.7094339622643,
            "max": -347.4061302681992,
            "count": 201
        },
        "GoalToTetris.Environment.CumulativeReward.sum": {
            "value": -106291.0,
            "min": -832297.0,
            "max": -90673.0,
            "count": 201
        },
        "GoalToTetris.Policy.ExtrinsicReward.mean": {
            "value": -405.69083969465646,
            "min": -1563.7094339622643,
            "max": -347.4061302681992,
            "count": 201
        },
        "GoalToTetris.Policy.ExtrinsicReward.sum": {
            "value": -106291.0,
            "min": -832297.0,
            "max": -90673.0,
            "count": 201
        },
        "GoalToTetris.IsTraining.mean": {
            "value": 1.0,
            "min": 1.0,
            "max": 1.0,
            "count": 201
        },
        "GoalToTetris.IsTraining.sum": {
            "value": 1.0,
            "min": 1.0,
            "max": 1.0,
            "count": 201
        },
        "GoalToTetris.Losses.PolicyLoss.mean": {
            "value": 0.027063678344711663,
            "min": 0.015642813080921768,
            "max": 0.036271779472008346,
            "count": 195
        },
        "GoalToTetris.Losses.PolicyLoss.sum": {
            "value": 0.027063678344711663,
            "min": 0.015642813080921768,
            "max": 0.036271779472008346,
            "count": 195
        },
        "GoalToTetris.Losses.ValueLoss.mean": {
            "value": 82406.67942708333,
            "min": 7075.136295572916,
            "max": 461422.87604166666,
            "count": 195
        },
        "GoalToTetris.Losses.ValueLoss.sum": {
            "value": 82406.67942708333,
            "min": 7075.136295572916,
            "max": 461422.87604166666,
            "count": 195
        },
        "GoalToTetris.Policy.LearningRate.mean": {
            "value": 0.00028800072399976005,
            "min": 0.00028800072399976005,
            "max": 0.00029993851202049607,
            "count": 195
        },
        "GoalToTetris.Policy.LearningRate.sum": {
            "value": 0.00028800072399976005,
            "min": 0.00028800072399976005,
            "max": 0.00029993851202049607,
            "count": 195
        },
        "GoalToTetris.Policy.Epsilon.mean": {
            "value": 0.19600024000000002,
            "min": 0.19600024000000002,
            "max": 0.19997950399999997,
            "count": 195
        },
        "GoalToTetris.Policy.Epsilon.sum": {
            "value": 0.19600024000000002,
            "min": 0.19600024000000002,
            "max": 0.19997950399999997,
            "count": 195
        },
        "GoalToTetris.Policy.Beta.mean": {
            "value": 0.004800411976000002,
            "min": 0.004800411976000002,
            "max": 0.0049989772495999995,
            "count": 195
        },
        "GoalToTetris.Policy.Beta.sum": {
            "value": 0.004800411976000002,
            "min": 0.004800411976000002,
            "max": 0.0049989772495999995,
            "count": 195
        }
    },
    "metadata": {
        "timer_format_version": "0.1.0",
        "start_time_seconds": "1771786641",
        "python_version": "3.9.6 (default, Apr 30 2025, 02:07:17) \n[Clang 17.0.0 (clang-1700.0.13.5)]",
        "command_line_arguments": "/Users/kalman/git_projects/TetrisAI/venv/bin/mlagents-learn training_config.yaml --run-id=run004 --force",
        "mlagents_version": "0.30.0",
        "mlagents_envs_version": "0.30.0",
        "communication_protocol_version": "1.5.0",
        "pytorch_version": "1.11.0",
        "numpy_version": "1.23.5",
        "end_time_seconds": "1771792555"
    },
    "total": 5913.479009042,
    "count": 1,
    "self": 0.0029613760007123346,
    "children": {
        "run_training.setup": {
            "total": 0.01860991600000006,
            "count": 1,
            "self": 0.01860991600000006
        },
        "TrainerController.start_learning": {
            "total": 5913.457437749999,
            "count": 1,
            "self": 10.504908568961582,
            "children": {
                "TrainerController._reset_env": {
                    "total": 12.434712958999999,
                    "count": 1,
                    "self": 12.434712958999999
                },
                "TrainerController.advance": {
                    "total": 5890.444459555038,
                    "count": 2016785,
                    "self": 10.701927379426706,
                    "children": {
                        "env_step": {
                            "total": 5648.664514724673,
                            "count": 2016785,
                            "self": 5231.366151162125,
                            "children": {
                                "SubprocessEnvManager._take_step": {
                                    "total": 410.18637284710354,
                                    "count": 2016785,
                                    "self": 20.189212542896144,
                                    "children": {
                                        "TorchPolicy.evaluate": {
                                            "total": 389.9971603042074,
                                            "count": 2016785,
                                            "self": 389.9971603042074
                                        }
                                    }
                                },
                                "workers": {
                                    "total": 7.111990715444042,
                                    "count": 2016784,
                                    "self": 0.0,
                                    "children": {
                                        "worker_root": {
                                            "total": 5884.70958035041,
                                            "count": 2016784,
                                            "is_parallel": true,
                                            "self": 1083.320982633979,
                                            "children": {
                                                "steps_from_proto": {
                                                    "total": 0.001635332999999406,
                                                    "count": 1,