{
    "name": "root",
    "gauges": {
        "GoalToTetris.Policy.Entropy.mean": {
            "value": 0.2930050492286682,
            "min": 0.28479427099227905,
            "max": 0.2930050492286682,
            "count": 2
        },
        "GoalToTetris.Policy.Entropy.sum": {
            "value": 2937.37548828125,
            "min": 2498.784912109375,
            "max": 2937.37548828125,
            "count": 2
        },
        "GoalToTetris.Environment.EpisodeLength.mean": {
            "value": 51.213541666666664,
            "min": 51.213541666666664,
            "max": 52.828220858895705,
            "count": 2
        },
        "GoalToTetris.Environment.EpisodeLength.sum": {
            "value": 9833.0,
            "min": 8611.0,
            "max": 9833.0,
            "count": 2
        },
        "GoalToTetris.Step.mean": {
            "value": 51979993.0,
            "min": 51969940.0,
            "max": 51979993.0,
            "count": 2
        },
        "GoalToTetris.Step.sum": {
            "value": 51979993.0,
            "min": 51969940.0,
            "max": 51979993.0,
            "count": 2
        },
        "GoalToTetris.Policy.ExtrinsicValueEstimate.mean": {
            "value": 540.8921508789062,
            "min": 452.8455810546875,
            "max": 540.8921508789062,
            "count": 2
        },
        "GoalToTetris.Policy.ExtrinsicValueEstimate.sum": {
            "value": 103851.2890625,
            "min": 73360.984375,
            "max": 103851.2890625,
            "count": 2
        },
        "GoalToTetris.Environment.CumulativeReward.mean": {
            "value": 1997.2552083333333,
            "min": 1997.2552083333333,
            "max": 2240.259259259259,
            "count": 2
        },
        "GoalToTetris.Environment.CumulativeReward.sum": {
            "value": 383473.0,
            "min": 362922.0,
            "max": 383473.0,
            "count": 2
        },
        "GoalToTetris.Policy.ExtrinsicReward.mean": {
            "value": 1997.2552083333333,
            "min": 1997.2552083333333,
            "max": 2240.259259259259,
            "count": 2
        },
        "GoalToTetris.Policy.ExtrinsicReward.sum": {
            "value": 383473.0,
            "min": 362922.0,
            "max": 383473.0,
            "count": 2
        },
        "GoalToTetris.IsTraining.mean": {
            "value": 1.0,
            "min": 1.0,
            "max": 1.0,
            "count": 2
        },
        "GoalToTetris.IsTraining.sum": {
            "value": 1.0,
            "min": 1.0,
            "max": 1.0,
            "count": 2
        },
        "GoalToTetris.Losses.PolicyLoss.mean": {
            "value": 0.025804806500673294,
            "min": 0.025804806500673294,
            "max": 0.025804806500673294,
            "count": 1
        },
        "GoalToTetris.Losses.PolicyLoss.sum": {
            "value": 0.025804806500673294,
            "min": 0.025804806500673294,
            "max": 0.025804806500673294,
            "count": 1
        },
        "GoalToTetris.Losses.ValueLoss.mean": {
            "value": 201932.8265625,
            "min": 201932.8265625,
            "max": 201932.8265625,
            "count": 1
        },
        "GoalToTetris.Losses.ValueLoss.sum": {
            "value": 201932.8265625,
            "min": 201932.8265625,
            "max": 201932.8265625,
            "count": 1
        },
        "GoalToTetris.Policy.LearningRate.mean": {
            "value": 0.00026881710199430284,
            "min": 0.00026881710199430284,
            "max": 0.00026881710199430284,
            "count": 1
        },
        "GoalToTetris.Policy.LearningRate.sum": {
            "value": 0.00026881710199430284,
            "min": 0.00026881710199430284,
            "max": 0.00026881710199430284,
            "count": 1
        },
        "GoalToTetris.Policy.Epsilon.mean": {
            "value": 0.18960569720000006,
            "min": 0.18960569720000006,
            "max": 0.18960569720000006,
            "count": 1
        },
        "GoalToTetris.Policy.Epsilon.sum": {
            "value": 0.18960569720000006,
            "min": 0.18960569720000006,
            "max": 0.18960569720000006,
            "count": 1
        },
        "GoalToTetris.Policy.Beta.mean": {
            "value": 0.004481324290280001,
            "min": 0.004481324290280001,
            "max": 0.004481324290280001,
            "count": 1
        },
        "GoalToTetris.Policy.Beta.sum": {
            "value": 0.004481324290280001,
            "min": 0.004481324290280001,
            "max": 0.004481324290280001,
            "count": 1
        }
    },
    "metadata": {
        "timer_format_version": "0.1.0",
        "start_time_seconds": "1771962844",
        "python_version": "3.9.6 (default, Apr 30 2025, 02:07:17) \n[Clang 17.0.0 (clang-1700.0.13.5)]",
        "command_line_arguments": "/Users/kalman/git_projects/TetrisAI/venv/bin/mlagents-learn training_config.yaml --run-id=run004 --resume",
        "mlagents_version": "0.30.0",
        "mlagents_envs_version": "0.30.0",
        "communication_protocol_version": "1.5.0",
        "pytorch_version": "1.11.0",
        "numpy_version": "1.23.5",
        "end_time_seconds": "1771962949"
    },
    "total": 104.13623537500001,
    "count": 1,
    "self": 0.0021845410000196352,
    "children": {
        "run_training.setup": {
            "total": 0.019837916999999983,
            "count": 1,
            "self": 0.019837916999999983
        },
        "TrainerController.start_learning": {
            "total": 104.11421291699999,
            "count": 1,
            "self": 0.14376048700003707,
            "children": {
                "TrainerController._reset_env": {
                    "total": 21.375495375,
                    "count": 1,
                    "self": 21.375495375
                },
                "TrainerController.advance": {
                    "total": 82.50679942999994,
                    "count": 27851,
                    "self": 0.14748633399958067,
                    "children": {
                        "env_step": {
                            "total": 79.92999559200065,
                            "count": 27851,
                            "self": 74.15986018399994,
                            "children": {
                                "SubprocessEnvManager._take_step": {
                                    "total": 5.673146387000408,
                                    "count": 27851,
                                    "self": 0.27861213899997495,
                                    "children": {
                                        "TorchPolicy.evaluate": {
                                            "total": 5.394534248000433,
                                            "count": 27851,
                                            "self": 5.394534248000433
                                        }
                                    }
                                },
                                "workers": {
                                    "total": 0.09698902100030082,
                                    "count": 27850,
                                    "self": 0.0,
                                    "children": {
                                        "worker_root": {
                                            "total": 81.88865753399993,
                                            "count": 27850,
                                            "is_parallel": true,
                                            "self": 15.61433168899994,
                                            "children": {
                                                "steps_from_proto": {
                                                    "total": 0.0006805000000014161,
                                                    "count": 1,
                                                    "is_parallel": true,