{
    "name": "root",
    "gauges": {
        "GoalToTetris.Policy.Entropy.mean": {
            "value": 0.4107399582862854,
            "min": 0.28009891510009766,
            "max": 0.43629974126815796,
            "count": 970
        },
        "GoalToTetris.Policy.Entropy.sum": {
            "value": 4097.95263671875,
            "min": 292.76300048828125,
            "max": 4359.22607421875,
            "count": 970
        },
        "GoalToTetris.Environment.EpisodeLength.mean": {
            "value": 76.34108527131782,
            "min": 50.89473684210526,
            "max": 78.56349206349206,
            "count": 970
        },
        "GoalToTetris.Environment.EpisodeLength.sum": {
            "value": 9848.0,
            "min": 967.0,
            "max": 9975.0,
            "count": 970
        },
        "GoalToTetris.Step.mean": {
            "value": 61679953.0,
            "min": 51989995.0,
            "max": 61679953.0,
            "count": 970
        },
        "GoalToTetris.Step.sum": {
            "value": 61679953.0,
            "min": 51989995.0,
            "max": 61679953.0,
            "count": 970
        },
        "GoalToTetris.Policy.ExtrinsicValueEstimate.mean": {
            "value": 1373.854736328125,
            "min": 433.92547607421875,
            "max": 1460.4495849609375,
            "count": 970
        },
        "GoalToTetris.Policy.ExtrinsicValueEstimate.sum": {
            "value": 177227.265625,
            "min": 7810.65869140625,
            "max": 198516.234375,
            "count": 970
        },
        "GoalToTetris.Environment.CumulativeReward.mean": {
            "value": 6856.0,
            "min": 1916.0555555555557,
            "max": 7296.214285714285,
            "count": 970
        },
        "GoalToTetris.Environment.CumulativeReward.sum": {
            "value": 884424.0,
            "min": 34489.0,
            "max": 919323.0,
            "count": 970
        },
        "GoalToTetris.Policy.ExtrinsicReward.mean": {
            "value": 6856.0,
            "min": 1916.0555555555557,
            "max": 7296.214285714285,
            "count": 970
        },
        "GoalToTetris.Policy.ExtrinsicReward.sum": {
            "value": 884424.0,
            "min": 34489.0,
            "max": 919323.0,
            "count": 970
        },
        "GoalToTetris.IsTraining.mean": {
            "value": 1.0,
            "min": 1.0,
            "max": 1.0,
            "count": 970
        },
        "GoalToTetris.IsTraining.sum": {
            "value": 1.0,
            "min": 1.0,
            "max": 1.0,
            "count": 970
        },
        "GoalToTetris.Losses.PolicyLoss.mean": {
            "value": 0.02279188808364173,
            "min": 0.015421948907896877,
            "max": 0.1800223286030814,
            "count": 942
        },
        "GoalToTetris.Losses.PolicyLoss.sum": {
            "value": 0.02279188808364173,
            "min": 0.015421948907896877,
            "max": 0.1800223286030814,
            "count": 942
        },
        "GoalToTetris.Losses.ValueLoss.mean": {
            "value": 314061.92291666666,
            "min": 182986.99322916666,
            "max": 332818.53541666665,
            "count": 942
        },
        "GoalToTetris.Losses.ValueLoss.sum": {
            "value": 314061.92291666666,
            "min": 182986.99322916666,
            "max": 332818.53541666665,
            "count": 942
        },
        "GoalToTetris.Policy.LearningRate.mean": {
            "value": 0.00026299792053403046,
            "min": 0.00026299792053403046,
            "max": 0.00026880041479986517,
            "count": 942
        },
        "GoalToTetris.Policy.LearningRate.sum": {
            "value": 0.00026299792053403046,
            "min": 0.00026299792053403046,
            "max": 0.00026880041479986517,
            "count": 942
        },
        "GoalToTetris.Policy.Epsilon.mean": {
            "value": 0.18766596940000008,
            "min": 0.18766596940000008,
            "max": 0.18960013480000001,
            "count": 942
        },
        "GoalToTetris.Policy.Epsilon.sum": {
            "value": 0.18766596940000008,
            "min": 0.18766596940000008,
            "max": 0.18960013480000001,
            "count": 942
        },
        "GoalToTetris.Policy.Beta.mean": {
            "value": 0.00438453187306,
            "min": 0.00438453187306,
            "max": 0.00448104672652,
            "count": 942
        },
        "GoalToTetris.Policy.Beta.sum": {
            "value": 0.00438453187306,
            "min": 0.00438453187306,
            "max": 0.00448104672652,
            "count": 942
        }
    },
    "metadata": {
        "timer_format_version": "0.1.0",
        "start_time_seconds": "1772010051",
        "python_version": "3.9.6 (default, Apr 30 2025, 02:07:17) \n[Clang 17.0.0 (clang-1700.0.13.5)]",
        "command_line_arguments": "/Users/kalman/git_projects/TetrisAI/venv/bin/mlagents-learn training_config.yaml --run-id=run004 --resume",
        "mlagents_version": "0.30.0",
        "mlagents_envs_version": "0.30.0",
        "communication_protocol_version": "1.5.0",
        "pytorch_version": "1.11.0",
        "numpy_version": "1.23.5",
        "end_time_seconds": "1772038301"
    },
    "total": 28250.485133625,
    "count": 1,
    "self": 0.0028293760005908553,
    "children": {
        "run_training.setup": {
            "total": 0.036172415999999874,
            "count": 1,
            "self": 0.036172415999999874
        },
        "TrainerController.start_learning": {
            "total": 28250.446131833,
            "count": 1,
            "self": 48.39442049322315,
            "children": {
                "TrainerController._reset_env": {
                    "total": 9.38370325,
                    "count": 1,
                    "self": 9.38370325
                },
                "TrainerController.advance": {
                    "total": 28192.60293900677,
                    "count": 9697771,
                    "self": 50.37375360233273,
                    "children": {
                        "env_step": {
                            "total": 27053.89580864737,
                            "count": 9697771,
                            "self": 25037.857949285168,
                            "children": {
                                "SubprocessEnvManager._take_step": {
                                    "total": 1981.1662161588556,
                                    "count": 9697771,
                                    "self": 96.8513893248271,
                                    "children": {
                                        "TorchPolicy.evaluate": {
                                            "total": 1884.3148268340285,
                                            "count": 9697771,
                                            "self": 1884.3148268340285
                                        }
                                    }
                                },
                                "workers": {
                                    "total": 34.87164320334395,
                                    "count": 9697770,
                                    "self": 0.0,
                                    "children": {
                                        "worker_root": {
                                            "total": 28172.127096201428,
                                            "count": 9697770,
                                            "is_parallel": true,
                                            "self": 5185.32636396294,
                                            "children": {
                                                "steps_from_proto": {
                                                    "total": 0.0007687079999998403,
                                                    "count": 1,
                                                    "is_parallel": true,